{
    "name": "root",
    "gauges": {
        "MoveToGoal.Policy.Entropy.mean": {
            "value": 2.05950665473938,
            "min": 2.039879322052002,
            "max": 2.1052558422088623,
            "count": 10
        },
        "MoveToGoal.Policy.Entropy.sum": {
            "value": 103206.0,
            "min": 101928.6875,
            "max": 106138.578125,
            "count": 10
        },
        "MoveToGoal.Environment.EpisodeLength.mean": {
            "value": 24.087543771885944,
            "min": 24.07182320441989,
            "max": 65.19573901464713,
            "count": 10
        },
        "MoveToGoal.Environment.EpisodeLength.sum": {
            "value": 48151.0,
            "min": 47927.0,
            "max": 49155.0,
            "count": 10
        },
        "MoveToGoal.Step.mean": {
            "value": 499970.0,
            "min": 49969.0,
            "max": 499970.0,
            "count": 10
        },
        "MoveToGoal.Step.sum": {
            "value": 499970.0,
            "min": 49969.0,
            "max": 499970.0,
            "count": 10
        },
        "MoveToGoal.Policy.ExtrinsicValueEstimate.mean": {
            "value": 8.2275390625,
            "min": -2.1065921783447266,
            "max": 8.2275390625,
            "count": 10
        },
        "MoveToGoal.Policy.ExtrinsicValueEstimate.sum": {
            "value": 17318.96875,
            "min": -2468.926025390625,
            "max": 17318.96875,
            "count": 10
        },
        "MoveToGoal.Environment.CumulativeReward.mean": {
            "value": 9.8184092046023,
            "min": 4.478029294274301,
            "max": 9.856353591160222,
            "count": 10
        },
        "MoveToGoal.Environment.CumulativeReward.sum": {
            "value": 19627.0,
            "min": 3363.0,
            "max": 19627.0,
            "count": 10
        },
        "MoveToGoal.Policy.ExtrinsicReward.mean": {
            "value": 9.8184092046023,
            "min": 4.478029294274301,
            "max": 9.856353591160222,
            "count": 10
        },
        "MoveToGoal.Policy.ExtrinsicReward.sum": {
            "value": 19627.0,
            "min": 3363.0,
            "max": 19627.0,
            "count": 10
        },
        "MoveToGoal.Losses.PolicyLoss.mean": {
            "value": 0.02359820930112619,
            "min": 0.022323271815694167,
            "max": 0.023988969353182864,
            "count": 10
        },
        "MoveToGoal.Losses.PolicyLoss.sum": {
            "value": 0.11799104650563094,
            "min": 0.09525394116838773,
            "max": 0.11994484676591431,
            "count": 10
        },
        "MoveToGoal.Losses.ValueLoss.mean": {
            "value": 1.396425481637319,
            "min": 1.396425481637319,
            "max": 6.031206242243449,
            "count": 10
        },
        "MoveToGoal.Losses.ValueLoss.sum": {
            "value": 6.982127408186595,
            "min": 6.982127408186595,
            "max": 24.124824968973797,
            "count": 10
        },
        "MoveToGoal.Policy.LearningRate.mean": {
            "value": 1.6710934429719996e-05,
            "min": 1.6710934429719996e-05,
            "max": 0.0002846055051315,
            "count": 10
        },
        "MoveToGoal.Policy.LearningRate.sum": {
            "value": 8.355467214859998e-05,
            "min": 8.355467214859998e-05,
            "max": 0.0012842538719153999,
            "count": 10
        },
        "MoveToGoal.Policy.Epsilon.mean": {
            "value": 0.10557028000000002,
            "min": 0.10557028000000002,
            "max": 0.1948685,
            "count": 10
        },
        "MoveToGoal.Policy.Epsilon.sum": {
            "value": 0.5278514000000001,
            "min": 0.5001982,
            "max": 0.9280846,
            "count": 10
        },
        "MoveToGoal.Policy.Beta.mean": {
            "value": 0.00028795697199999993,
            "min": 0.00028795697199999993,
            "max": 0.00474393815,
            "count": 10
        },
        "MoveToGoal.Policy.Beta.sum": {
            "value": 0.0014397848599999998,
            "min": 0.0014397848599999998,
            "max": 0.021411421540000003,
            "count": 10
        },
        "MoveToGoal.IsTraining.mean": {
            "value": 1.0,
            "min": 1.0,
            "max": 1.0,
            "count": 10
        },
        "MoveToGoal.IsTraining.sum": {
            "value": 1.0,
            "min": 1.0,
            "max": 1.0,
            "count": 10
        }
    },
    "metadata": {
        "timer_format_version": "0.1.0",
        "start_time_seconds": "1704311548",
        "python_version": "3.9.13 (tags/v3.9.13:6de2ca5, May 17 2022, 16:36:42) [MSC v.1929 64 bit (AMD64)]",
        "command_line_arguments": "C:\\Users\\Usuario\\Desktop\\Master Project\\Unity_ML-main\\venv\\Scripts\\mlagents-learn --run-id=Test4 --force",
        "mlagents_version": "0.30.0",
        "mlagents_envs_version": "0.30.0",
        "communication_protocol_version": "1.5.0",
        "pytorch_version": "2.1.1+cpu",
        "numpy_version": "1.21.2",
        "end_time_seconds": "1704312389"
    },
    "total": 841.5805898,
    "count": 1,
    "self": 0.00837089999993168,
    "children": {
        "run_training.setup": {
            "total": 0.07239750000000011,
            "count": 1,
            "self": 0.07239750000000011
        },
        "TrainerController.start_learning": {
            "total": 841.4998214000001,
            "count": 1,
            "self": 0.9867316000112396,
            "children": {
                "TrainerController._reset_env": {
                    "total": 17.7356253,
                    "count": 1,
                    "self": 17.7356253
                },
                "TrainerController.advance": {
                    "total": 822.709126299989,
                    "count": 41408,
                    "self": 0.843071599987752,
                    "children": {
                        "env_step": {
                            "total": 669.9194064000048,
                            "count": 41408,
                            "self": 618.0876497999981,
                            "children": {
                                "SubprocessEnvManager._take_step": {
                                    "total": 51.20190430000076,
                                    "count": 41408,
                                    "self": 2.1995428000032646,
                                    "children": {
                                        "TorchPolicy.evaluate": {
                                            "total": 49.0023614999975,
                                            "count": 31273,
                                            "self": 49.0023614999975
                                        }
                                    }
                                },
                                "workers": {
                                    "total": 0.6298523000060321,
                                    "count": 41408,
                                    "self": 0.0,
                                    "children": {
                                        "worker_root": {
                                            "total": 822.6776936999978,
                                            "count": 41408,
                                            "is_parallel": true,
                                            "self": 263.2007017000059,
                                            "children": {
                                                "steps_from_proto": {
                                                    "total": 0.0006773000000031004,
                                                    "count": 1,
                                                    "is_parallel": true,
                                                    "self": 0.00027540000000314535,