{"count":1,"self":36.6703616,"total":36.723165099999996,"children":{"InitializeActuators":{"count":1,"self":0.0025077,"total":0.0025077,"children":null},"InitializeSensors":{"count":1,"self":0.0020012,"total":0.0020012,"children":null},"AgentSendState":{"count":1574,"self":0.0130648,"total":0.0264908,"children":{"CollectObservations":{"count":315,"self":0.010908099999999999,"total":0.010908099999999999,"children":null},"WriteActionMask":{"count":315,"self":0.00051689999999999993,"total":0.00051689999999999993,"children":null},"RequestDecision":{"count":315,"self":0.0020009999999999997,"total":0.0020009999999999997,"children":null}}},"DecideAction":{"count":1574,"self":0.010023299999999999,"total":0.010023299999999999,"children":null},"AgentAct":{"count":1574,"self":0.011781699999999999,"total":0.011781699999999999,"children":null}},"gauges":{"MoveToGoal.CumulativeReward":{"count":5,"max":10,"min":-1,"runningAverage":3.4,"value":-1,"weightedAverage":4.49609375}},"metadata":{"timer_format_version":"0.1.0","start_time_seconds":"1704301726","unity_version":"2022.3.11f1","command_line_arguments":"C:\\Program Files\\Unity\\Hub\\Editor\\2022.3.11f1\\Editor\\Unity.exe -projectpath C:\\Proyectos\\Unity\\MachineLearning -useHub -hubIPC -cloudEnvironment production -licensingIpc LicenseClient-codi1 -hubSessionId 7952b6b0-aa55-11ee-ba1e-3f1671685671 -accessToken ooWOF6HMTK-bSloCsvOp2BA4-MzmjoCC5Psdbg8XgyI006f","communication_protocol_version":"1.5.0","com.unity.ml-agents_version":"2.0.1","scene_name":"codi","end_time_seconds":"1704301763"}}