{"count":1,"self":4694.298624,"total":5139.7434502,"children":{"InitializeActuators":{"count":85,"self":0.0010245999999999999,"total":0.0010245999999999999,"children":null},"InitializeSensors":{"count":85,"self":0.0015207999999999999,"total":0.0015207999999999999,"children":null},"AgentSendState":{"count":287346,"self":2.4599924,"total":29.9121776,"children":{"CollectObservations":{"count":548981,"self":21.1812784,"total":21.1812787,"children":null},"WriteActionMask":{"count":548981,"self":0.3615658,"total":0.3615658,"children":null},"RequestDecision":{"count":548981,"self":1.3799253,"total":5.9093407,"children":{"AgentInfo.ToProto":{"count":525816,"self":1.1245783999999999,"total":4.5294153999999995,"children":{"GenerateSensorData":{"count":525816,"self":3.4048368,"total":3.4048369999999997,"children":null}}}}}}},"DecideAction":{"count":287346,"self":412.71792639999995,"total":412.71791809999996,"children":null},"AgentAct":{"count":287346,"self":2.5747687999999997,"total":2.5747689,"children":null},"AgentInfo.ToProto":{"count":12979,"self":0.08197009999999999,"total":0.2373273,"children":{"GenerateSensorData":{"count":12979,"self":0.1553572,"total":0.1553572,"children":null}}}},"gauges":{"MoveToGoal.CumulativeReward":{"count":13759,"max":19.3,"min":-41.69995,"runningAverage":6.819891,"value":19.04397,"weightedAverage":10.9804029}},"metadata":{"timer_format_version":"0.1.0","start_time_seconds":"1705750072","unity_version":"2022.3.11f1","command_line_arguments":"D:\\Unity\\2022.3.11f1\\Editor\\Unity.exe -projectpath C:\\Users\\Usuario\\Desktop\\Master Project\\Unity_ML-main -useHub -hubIPC -cloudEnvironment production -licensingIpc LicenseClient-Usuario -hubSessionId 77121fdd-da2d-4e0f-ae35-f83847978c60 -accessToken sNepdmDA4qX_GuZf1GKQwdfg6vduJCiBXOE0CRNCfSM012f","communication_protocol_version":"1.5.0","com.unity.ml-agents_version":"2.0.1","scene_name":"Javi","end_time_seconds":"1705755212"}}