{
    "name": "root",
    "gauges": {
        "MoveToGoal.Policy.Entropy.mean": {
            "value": 2.1162405014038086,
            "min": 2.087977170944214,
            "max": 2.1191632747650146,
            "count": 6
        },
        "MoveToGoal.Policy.Entropy.sum": {
            "value": 106049.046875,
            "min": 104256.875,
            "max": 106124.921875,
            "count": 6
        },
        "MoveToGoal.Environment.EpisodeLength.mean": {
            "value": 44.803293687099725,
            "min": 44.803293687099725,
            "max": 69.87464387464388,
            "count": 6
        },
        "MoveToGoal.Environment.EpisodeLength.sum": {
            "value": 48970.0,
            "min": 48933.0,
            "max": 49284.0,
            "count": 6
        },
        "MoveToGoal.Step.mean": {
            "value": 299962.0,
            "min": 49990.0,
            "max": 299962.0,
            "count": 6
        },
        "MoveToGoal.Step.sum": {
            "value": 299962.0,
            "min": 49990.0,
            "max": 299962.0,
            "count": 6
        },
        "MoveToGoal.Policy.ExtrinsicValueEstimate.mean": {
            "value": 4.629424571990967,
            "min": -0.15199804306030273,
            "max": 4.629424571990967,
            "count": 6
        },
        "MoveToGoal.Policy.ExtrinsicValueEstimate.sum": {
            "value": 6712.66552734375,
            "min": -173.7337646484375,
            "max": 6712.66552734375,
            "count": 6
        },
        "MoveToGoal.Environment.CumulativeReward.mean": {
            "value": 7.383348581884721,
            "min": 4.146932952924394,
            "max": 7.383348581884721,
            "count": 6
        },
        "MoveToGoal.Environment.CumulativeReward.sum": {
            "value": 8070.0,
            "min": 2907.0,
            "max": 8070.0,
            "count": 6
        },
        "MoveToGoal.Policy.ExtrinsicReward.mean": {
            "value": 7.383348581884721,
            "min": 4.146932952924394,
            "max": 7.383348581884721,
            "count": 6
        },
        "MoveToGoal.Policy.ExtrinsicReward.sum": {
            "value": 8070.0,
            "min": 2907.0,
            "max": 8070.0,
            "count": 6
        },
        "MoveToGoal.Losses.PolicyLoss.mean": {
            "value": 0.02375749271411981,
            "min": 0.02221818878916868,
            "max": 0.025657390243917083,
            "count": 6
        },
        "MoveToGoal.Losses.PolicyLoss.sum": {
            "value": 0.11878746357059905,
            "min": 0.09261282894488734,
            "max": 0.12828695121958542,
            "count": 6
        },
        "MoveToGoal.Losses.ValueLoss.mean": {
            "value": 4.369233835538227,
            "min": 3.934954894383749,
            "max": 4.418203192949296,
            "count": 6
        },
        "MoveToGoal.Losses.ValueLoss.sum": {
            "value": 21.846169177691138,
            "min": 17.672812771797183,
            "max": 21.846169177691138,
            "count": 6
        },
        "MoveToGoal.Policy.LearningRate.mean": {
            "value": 0.00013357253547584,
            "min": 0.00013357253547584,
            "max": 0.00028455735514754994,
            "count": 6
        },
        "MoveToGoal.Policy.LearningRate.sum": {
            "value": 0.0006678626773792,
            "min": 0.0006678626773792,
            "max": 0.0012840942719685995,
            "count": 6
        },
        "MoveToGoal.Policy.Epsilon.mean": {
            "value": 0.14452416,
            "min": 0.14452416,
            "max": 0.19485245,
            "count": 6
        },
        "MoveToGoal.Policy.Epsilon.sum": {
            "value": 0.7226208000000001,
            "min": 0.7226208000000001,
            "max": 0.9280314000000001,
            "count": 6
        },
        "MoveToGoal.Policy.Beta.mean": {
            "value": 0.0022317555840000005,
            "min": 0.0022317555840000005,
            "max": 0.004743137255,
            "count": 6
        },
        "MoveToGoal.Policy.Beta.sum": {
            "value": 0.011158777920000001,
            "min": 0.011158777920000001,
            "max": 0.02140876686,
            "count": 6
        },
        "MoveToGoal.IsTraining.mean": {
            "value": 1.0,
            "min": 1.0,
            "max": 1.0,
            "count": 6
        },
        "MoveToGoal.IsTraining.sum": {
            "value": 1.0,
            "min": 1.0,
            "max": 1.0,
            "count": 6
        }
    },
    "metadata": {
        "timer_format_version": "0.1.0",
        "start_time_seconds": "1704302757",
        "python_version": "3.9.13 (tags/v3.9.13:6de2ca5, May 17 2022, 16:36:42) [MSC v.1929 64 bit (AMD64)]",
        "command_line_arguments": "C:\\Users\\Usuario\\Desktop\\Master Project\\Unity_ML-main\\venv\\Scripts\\mlagents-learn --run-id=Test4 --force",
        "mlagents_version": "0.30.0",
        "mlagents_envs_version": "0.30.0",
        "communication_protocol_version": "1.5.0",
        "pytorch_version": "2.1.1+cpu",
        "numpy_version": "1.21.2",
        "end_time_seconds": "1704303328"
    },
    "total": 570.9918488000001,
    "count": 1,
    "self": 0.006368600000087099,
    "children": {
        "run_training.setup": {
            "total": 0.03256989999999993,
            "count": 1,
            "self": 0.03256989999999993
        },
        "TrainerController.start_learning": {
            "total": 570.9529103,
            "count": 1,
            "self": 0.7961358000002292,
            "children": {
                "TrainerController._reset_env": {
                    "total": 10.114868,
                    "count": 1,
                    "self": 10.114868
                },
                "TrainerController.advance": {
                    "total": 559.9183950999998,
                    "count": 33648,
                    "self": 0.7644842999998218,
                    "children": {
                        "env_step": {
                            "total": 455.5382637999965,
                            "count": 33648,
                            "self": 408.4298518999976,
                            "children": {
                                "SubprocessEnvManager._take_step": {
                                    "total": 46.5951160999968,
                                    "count": 33648,
                                    "self": 2.1292541999927934,
                                    "children": {
                                        "TorchPolicy.evaluate": {
                                            "total": 44.46586190000401,
                                            "count": 28494,
                                            "self": 44.46586190000401
                                        }
                                    }
                                },
                                "workers": {
                                    "total": 0.5132958000021297,
                                    "count": 33647,
                                    "self": 0.0,
                                    "children": {
                                        "worker_root": {
                                            "total": 436.99542879999797,
                                            "count": 33647,
                                            "is_parallel": true,
                                            "self": 197.06059169999986,
                                            "children": {
                                                "steps_from_proto": {
                                                    "total": 0.0005908000000012237,
                                                    "count": 1,
                                                    "is_parallel": true,
                                                    "self": 0.00029560000000294906,